id,Player,goals,shots,xG,xA,assists,key_passes,npg,npxG,xGChain,xGBuildup
8260,Erling Haaland,6.0,19.0,5.225898832082748,0.5719363540410995,3.0,5.0,4.0,3.7035548388957977,4.835272252559662,1.2342296615242958
647,Harry Kane,3.0,19.0,2.735149696469307,1.6165169402956963,1.0,9.0,2.0,1.973976656794548,4.583788990974426,1.307915534824133
998,Ivan Toney,2.0,17.0,3.0995588190853596,0.892745167016983,0.0,4.0,1.0,1.5772198028862476,2.5632692724466324,0.2214194368571043
556,Marcus Rashford,2.0,16.0,3.131350353360176,0.6915723718702792,2.0,6.0,2.0,3.131350353360176,4.671915216371417,1.3707568813115358
1250,Mohamed Salah,4.0,19.0,3.919343002140522,0.5467954501509665,0.0,5.0,4.0,3.158173091709614,5.297494374215603,2.24937304854393
7752,Gabriel Martinelli,2.0,9.0,1.1533445343375204,2.761528789997101,3.0,14.0,2.0,1.1533445343375204,3.94117771089077,1.0909003689885137
8865,Ollie Watkins,4.0,18.0,3.061175763607025,0.4176053963601588,1.0,3.0,4.0,3.061175763607025,3.4031748473644257,0.8192993439733981
468,Callum Wilson,5.0,9.0,2.42630335688591,0.6174865812063216,1.0,4.0,5.0,2.42630335688591,3.5080846548080444,0.803337102755904
7322,Bukayo Saka,1.0,7.0,1.5718244053423405,1.0198037028312683,1.0,8.0,1.0,0.8106554336845875,3.5014492124319077,1.8647380881011486
2517,Martin Odegaard,2.0,7.0,0.8750332128256559,0.43734887242317194,1.0,4.0,2.0,0.8750332128256559,3.366664055734873,2.5803939010947943
773,Aleksandar Mitrovic,0.0,14.0,1.3139741094782948,0.1087080016732215,0.0,2.0,0.0,1.3139741094782948,1.3766399212181568,0.3301898008212445
2381,Rodrigo,0.0,7.0,0.7622246742248534,0.0381667017936706,0.0,1.0,0.0,0.7622246742248534,0.9966366682201624,0.6044310182332993
7420,Miguel Almirón,1.0,5.0,0.47459610179066636,0.5509939864277839,0.0,4.0,1.0,0.47459610179066636,0.9872451014816761,0.5615815371274947
5232,Alexander Isak,4.0,11.0,1.6078086942434309,0.0,0.0,0.0,4.0,1.6078086942434309,2.1515687853097916,0.6363942436873911
6681,Harvey Barnes,2.0,12.0,1.1282348111271856,0.0547739006578922,0.0,1.0,2.0,1.1282348111271856,1.4549711793661118,0.4632266834378242
453,Son Heung-Min,3.0,11.0,2.087758617475629,0.6178792640566825,0.0,7.0,3.0,2.087758617475629,3.349129766225815,0.7604100275784729
482,Roberto Firmino,1.0,3.0,0.5975199993699789,0.0,0.0,0.0,1.0,0.5975199993699789,1.8438200652599335,1.24629620090127
5543,Gabriel Jesus,4.0,13.0,4.535200238227844,0.1276775933802127,0.0,2.0,3.0,3.7740402221679688,4.054726183414459,0.7828677631914615
6055,Phil Foden,2.0,7.0,1.0682466924190521,1.4072279557585716,2.0,12.0,2.0,1.0682466924190521,2.445064287632704,0.7138422224670646
6818,James Maddison,0.0,10.0,1.338443387299776,1.2510702740401027,1.0,11.0,0.0,1.338443387299776,2.8944110423326492,1.4378888756036758
10720,Darwin Núñez,1.0,5.0,1.2358288783580065,0.6960671879351139,0.0,2.0,1.0,1.2358288783580065,1.5545508600771427,0.1405400037765503
986,Danny Ings,0.0,2.0,0.4752831868827342,0.0,0.0,0.0,0.0,0.4752831868827342,0.5330058857798575,0.0909508988261222
7698,Leandro Trossard,0.0,1.0,0.0397050529718399,0.9258841052651404,2.0,5.0,0.0,0.0397050529718399,1.0406058728694916,1.0009008198976517
8379,Alexis Mac Allister,1.0,20.0,1.9914223663508892,0.6005462035536764,0.0,7.0,0.0,1.230253379791975,2.732389599084854,1.0468009039759636
10760,Brennan Johnson,0.0,4.0,1.362847000360489,0.22788726538419712,0.0,4.0,0.0,0.6016781479120255,1.1447019465267658,0.434669692069292
447,Kevin De Bruyne,3.0,7.0,1.004934826865792,3.1873579025268555,4.0,14.0,3.0,1.004934826865792,5.524099886417389,2.854646861553192
843,James Ward-Prowse,0.0,0.0,0.0,0.2160169184207914,0.0,4.0,0.0,0.0,0.2908447384834289,0.2908447384834289
5220,Kai Havertz,2.0,20.0,4.051911950111389,0.6811165921390055,0.0,8.0,1.0,3.290737956762314,4.1581129133701324,1.2941269874572754
6034,Philip Billing,1.0,9.0,0.7323178965598345,0.6579676792025566,0.0,5.0,1.0,0.7323178965598345,1.9920922396704555,1.0197007907554507
8706,Eberechi Eze,3.0,15.0,1.4040859937667847,0.469595968723297,0.0,10.0,3.0,1.4040859937667847,2.3175821602344513,0.9025755748152731
10806,Kaoru Mitoma,1.0,11.0,1.6624267846345901,0.8580175526440141,1.0,8.0,1.0,1.6624267846345901,3.045815020799637,1.121040165424347
10846,Julián Álvarez,2.0,6.0,1.6671530231833458,0.1655752938240766,0.0,3.0,1.0,0.9059840068221092,1.3520270138978956,0.5570109933614731
87,Joelinton,4.0,11.0,2.3294797725975513,0.3425040133297442,0.0,3.0,4.0,2.3294797725975513,3.5590275153517723,1.005563234910369
239,Pascal Groß,0.0,6.0,0.7557557206600902,1.6432817354798317,2.0,15.0,0.0,0.7557557206600902,3.98647690564394,2.952812947332859
522,Wilfried Zaha,0.0,17.0,1.1013297960162163,0.1243919022381305,0.0,2.0,0.0,1.1013297960162163,1.351001776754856,0.18692260608077038
6049,Solly March,0.0,15.0,1.0903032235801218,2.9378509297966957,3.0,21.0,0.0,1.0903032235801218,4.415536940097809,2.341476507484913
6552,Bryan Mbeumo,1.0,7.0,0.7578148227185011,1.1403315253555775,1.0,8.0,1.0,0.7578148227185011,1.4766225013881922,0.5669662952423093
6853,Rúben Neves,1.0,15.0,1.2585126906633377,0.1568052284419536,0.0,5.0,0.0,0.4973438400775192,2.047404989600181,1.7490647491067646
8291,Daniel Podence,1.0,6.0,0.2870115935802458,0.2948008719831704,0.0,6.0,1.0,0.2870115935802458,0.8285680040717125,0.6098785940557718
11296,Cody Gakpo,2.0,9.0,1.2650604136288166,0.734339214861393,1.0,8.0,2.0,1.2650604136288166,3.251883916556835,1.5926499739289284
204,Granit Xhaka,2.0,5.0,1.0042086672037838,0.4642442362383006,0.0,4.0,2.0,1.0042086672037838,2.969157438725233,2.2070720195770264
620,Kelechi Iheanacho,2.0,9.0,2.302022561430931,0.6305370572954415,0.0,3.0,1.0,1.5408536940813065,2.221941970288753,0.9099139422178268
675,Jack Grealish,2.0,9.0,1.224902968853712,1.4849542677402496,2.0,9.0,2.0,1.224902968853712,5.072011172771454,3.2122758626937866
750,Riyad Mahrez,0.0,9.0,0.6337759867310522,1.040004890412092,1.0,10.0,0.0,0.6337759867310522,1.9321593791246414,1.5291019752621648
1228,Bruno Fernandes,0.0,14.0,1.5083666425198317,2.9093749299645424,1.0,20.0,0.0,1.5083666425198317,5.170457184314728,3.1659759879112244
1679,Dominic Solanke,1.0,19.0,2.0111263021826744,0.7897824877873063,3.0,7.0,1.0,2.0111263021826744,2.7466255724430084,0.20940070878714304
1776,Jarrod Bowen,1.0,8.0,0.6823928914964197,1.7085403203964233,2.0,4.0,1.0,0.6823928914964197,2.588499717414379,0.8365325294435023
2203,Emiliano Buendía,0.0,7.0,0.8079597651958464,1.6426426284015179,2.0,10.0,0.0,0.8079597651958464,3.292834684252739,1.2628485411405563
3585,Said Benrahma,1.0,11.0,1.4148444198071957,0.6268239226192234,0.0,6.0,0.0,0.6536754183471202,1.3217372372746468,0.19697691872715942
5786,Yoane Wissa,0.0,1.0,0.036854300647974,0.3249930143356323,0.0,1.0,0.0,0.036854300647974,0.7320677451789377,0.37022073194384564
6108,Rodrigo Bentancur,3.0,5.0,1.3097249865531921,0.0861089993268251,0.0,2.0,3.0,1.3097249865531921,2.205936849117279,1.5444969534873962
6345,Jadon Sancho,1.0,6.0,0.8064522221684455,0.6422546878457069,1.0,7.0,1.0,0.8064522221684455,3.3841713666915894,2.0633365884423256
6756,Dwight McNeil,2.0,11.0,0.3803431913256644,1.0232998635619877,0.0,9.0,2.0,0.3803431913256644,1.4309137053787708,0.09499482624232751
7166,Mathias Jensen,0.0,3.0,0.10294938646256921,0.689464621245861,0.0,9.0,0.0,0.10294938646256921,0.6339200362563132,0.2206296622753143
7700,Che Adams,1.0,6.0,1.0872601065784693,0.2278951983898877,1.0,3.0,1.0,1.0872601065784693,1.5806105453521013,0.2965982332825659
10741,Marcus Tavernier,1.0,8.0,0.5593069670721884,0.40057355165481556,0.0,3.0,1.0,0.5593069670721884,1.9354007858783007,1.274197781458497
10866,Luis Sinisterra,3.0,15.0,1.5232568383216858,0.1124940998852251,0.0,4.0,3.0,1.5232568383216858,2.2298638224601746,0.7006649971008301
314,Ilkay Gündogan,1.0,9.0,1.335450328886509,0.27121569402515866,0.0,4.0,1.0,1.335450328886509,4.8465206772089005,3.3843261748552322
343,Pierre-Emile Højbjerg,0.0,5.0,0.1849635886028408,0.5827663764357566,2.0,7.0,0.0,0.1849635886028408,2.8408675491809845,2.54072567820549
501,Danny Welbeck,2.0,12.0,1.626259796321392,0.19394300505518888,0.0,4.0,2.0,1.626259796321392,2.3577260226011276,0.9923059940338133
531,Michail Antonio,1.0,6.0,1.6093796268105507,0.12191800400614719,1.0,2.0,1.0,1.6093796268105507,0.8128355201333759,0.21717841364443283
553,Anthony Martial,1.0,4.0,1.2576206736266613,0.20312419533729548,0.0,2.0,1.0,1.2576206736266613,1.6518598161637783,0.2885693497955797
618,Raheem Sterling,0.0,4.0,0.5236898325383662,1.2634714990854263,0.0,6.0,0.0,0.5236898325383662,2.0353241562843323,0.3613091558218001
762,Demarai Gray,0.0,7.0,0.6644896008074284,0.7899016141891478,0.0,6.0,0.0,0.6644896008074284,1.3485009707510471,0.6533650048077106
922,Andreas Pereira,2.0,20.0,1.8821467831730843,0.1571903284639119,0.0,4.0,2.0,1.8821467831730843,1.9714285656809807,0.2020571045577525
3635,Bernardo Silva,0.0,4.0,0.6896669715642929,0.2158962003886699,0.0,3.0,0.0,0.6896669715642929,2.2802160382270813,1.4036834239959717
3697,Odsonne Edouard,1.0,8.0,0.9013610184192657,0.1762380003929138,0.0,2.0,1.0,0.9013610184192657,1.231944888830185,0.2546531483530997
5221,Leon Bailey,0.0,7.0,0.3517687022686003,0.95892920717597,1.0,5.0,0.0,0.3517687022686003,2.561488263309002,1.2774171456694603
6063,Jacob Murphy,3.0,9.0,1.9678364843130112,0.7553813606500626,1.0,2.0,3.0,1.9678364843130112,3.0601497553288937,0.3880225829780101
6122,Douglas Luiz,1.0,5.0,0.6037905141711234,0.186430202797055,0.0,5.0,1.0,0.6037905141711234,2.799272298812866,2.112019568681717
6482,Eddie Nketiah,0.0,1.0,0.430774986743927,0.7409095317125319,1.0,2.0,0.0,0.430774986743927,1.171689584851265,0.6688799858093262
6827,Bobby Reid,0.0,2.0,0.072384500876069,0.1179810017347335,0.0,1.0,0.0,0.072384500876069,0.2965182345360517,0.2722545340657234
6854,Diogo Jota,4.0,12.0,3.067215695977211,0.23955300450325,1.0,2.0,4.0,3.067215695977211,2.494472324848175,1.3094351217150688
6857,Morgan Gibbs-White,2.0,7.0,1.087407398968935,0.9786485116928814,1.0,7.0,1.0,0.32623853906989075,1.170980207622051,0.43658170104026767
7365,Lucas Paquetá,2.0,7.0,1.078343864530325,0.3121581450104713,0.0,6.0,2.0,1.078343864530325,1.2115868926048279,0.3958819396793839
7814,Taiwo Awoniyi,0.0,8.0,0.9123097509145737,0.130037784576416,1.0,1.0,0.0,0.9123097509145737,1.3375447243452072,0.29519720375537867
8720,Jack Harrison,1.0,7.0,0.8908652290701864,1.552821259945631,1.0,9.0,1.0,0.8908652290701864,1.6830451786518097,0.3427328467369078
8941,Jacob Ramsey,1.0,10.0,1.073486855253577,1.7333664447069168,2.0,12.0,1.0,1.073486855253577,3.280525639653206,0.6456431616097686
9492,Crysencio Summerville,0.0,4.0,0.1892041638493537,0.3587646260857581,0.0,4.0,0.0,0.1892041638493537,0.7023544460535047,0.3847459405660628
9738,Patson Daka,0.0,7.0,1.0496751926839352,0.1410946156829595,0.0,3.0,0.0,1.0496751926839352,2.276442065834999,1.107737448066473
10177,Evan Ferguson,1.0,7.0,1.5010105445981021,0.06310510076582419,0.0,2.0,1.0,1.5010105445981021,1.5915235355496404,0.5238011945039033
10716,Manor Solomon,0.0,2.0,0.050643499940633704,0.22327439486980427,0.0,3.0,0.0,0.050643499940633704,0.45878000557422627,0.3767947033047676
10743,Kieffer Moore,0.0,8.0,1.1194806396961212,0.0,0.0,0.0,0.0,1.1194806396961212,1.9321803003549576,0.8126963041722773
11094,Antony,1.0,18.0,1.6636114120483396,0.9338759258389473,1.0,7.0,1.0,1.6636114120483396,4.320603668689728,2.5686115343123674
672,Jordan Ayew,2.0,12.0,1.0240788087248802,0.6116497963666915,1.0,4.0,2.0,1.0240788087248802,1.5690042451024055,0.0794884711503981
700,Willian,0.0,9.0,0.4201110377907752,0.6563925705850123,1.0,10.0,0.0,0.4201110377907752,1.0111810751259325,0.1860558167099951
822,Patrick Bamford,1.0,10.0,2.419506963342428,0.0,0.0,0.0,1.0,2.419506963342428,1.9802492167800665,0.1159399971365928
833,Virgil van Dijk,0.0,4.0,0.170389275997877,0.0272435452789068,0.0,1.0,0.0,0.170389275997877,1.6226298213005066,1.6226298213005066
910,Harrison Reed,1.0,1.0,0.3676359951496124,0.33593221008777613,1.0,5.0,1.0,0.3676359951496124,1.4225786812603471,0.9454636014997957
1654,Ben Mee,0.0,2.0,0.1777323000133037,0.0,0.0,0.0,0.0,0.1777323000133037,0.22717349603772163,0.0494411997497081
2182,Jefferson Lerma,0.0,6.0,0.1235030367970465,0.4875283176079391,0.0,4.0,0.0,0.1235030367970465,1.2870484981685877,0.7168075051158666
2328,Thomas Partey,0.0,3.0,0.1280221231281757,0.1411054730415343,0.0,2.0,0.0,0.1280221231281757,3.7281380631029606,3.600115954875946
4456,Chris Wood,1.0,3.0,1.0561041980981827,0.1102634966373443,0.0,2.0,1.0,1.0561041980981827,1.1556209959089756,0.0628696978092193
5553,Declan Rice,1.0,5.0,0.237336356192827,0.3794400319457053,0.0,4.0,1.0,0.237336356192827,1.8379312194883823,1.4661451503634453
5613,Gabriel,0.0,6.0,0.38067732751369454,0.0131582496687769,0.0,1.0,0.0,0.38067732751369454,2.5961209051311016,2.5108515731990337
5956,Youri Tielemans,0.0,2.0,0.0416601533070206,0.0,0.0,0.0,0.0,0.0416601533070206,1.2162320837378502,1.1745718941092491
6253,Gianluca Scamacca,1.0,8.0,0.3267803974449633,0.0394066981971263,0.0,1.0,1.0,0.3267803974449633,0.6549091972410678,0.38041329383850075
6492,Reiss Nelson,1.0,5.0,0.23862387612462022,0.2866460531949996,1.0,4.0,1.0,0.23862387612462022,0.6311258226633072,0.34174734354019154
6630,Joe Willock,0.0,6.0,0.9369599223136902,1.6105936467647552,2.0,6.0,0.0,0.9369599223136902,2.752584472298622,0.9083409756422041
7768,Mason Mount,0.0,4.0,0.1410418003797529,0.0,0.0,0.0,0.0,0.1410418003797529,0.50875938963145,0.3926936993375418
8150,Anthony Gordon,0.0,2.0,0.4137456417083739,0.192622099071741,0.0,2.0,0.0,0.4137456417083739,0.9032403379678724,0.48949559032917006
8327,Bruno Guimarães,0.0,3.0,0.0994760673493145,1.0642178282141685,2.0,12.0,0.0,0.0994760673493145,3.5598289519548416,2.746080055832863
9680,Vitaly Janelt,0.0,1.0,0.0059792101383209,0.15955661237239832,0.0,3.0,0.0,0.0059792101383209,0.6130726411938664,0.4475368354469537
10405,Josh Dasilva,0.0,1.0,0.7031260132789612,0.0151110999286174,0.0,1.0,0.0,0.7031260132789612,0.7610993143171072,0.042862199246883295
10408,Luis Díaz,0.0,2.0,0.0787509232759475,1.2040158435702324,2.0,3.0,0.0,0.0787509232759475,1.7994739562273023,0.5750016942620275
10715,João Palhinha,0.0,5.0,0.15111763402819622,0.0564047060906886,0.0,3.0,0.0,0.15111763402819622,0.7226999327540395,0.5843839943408965
10746,Jaidon Anthony,0.0,2.0,0.1014358066022395,0.1948868408799171,0.0,2.0,0.0,0.1014358066022395,0.6748072430491445,0.4426049068570135
11297,Carlos Alcaraz,1.0,8.0,0.395904330536723,0.5788448452949524,1.0,1.0,1.0,0.395904330536723,1.0139748798683286,0.0957064321264623
486,Adam Lallana,1.0,2.0,0.1273025982081889,0.185110904276371,0.0,3.0,1.0,0.1273025982081889,0.8463522922247647,0.6664271894842385
503,Theo Walcott,1.0,7.0,1.0441327095031738,0.2283719927072525,0.0,4.0,1.0,1.0441327095031738,1.2800744771957397,0.14055573288351292
586,John Stones,2.0,2.0,0.28580221906304354,0.0157651994377374,0.0,1.0,2.0,0.28580221906304354,1.4201787039637566,1.4044140055775642
643,Eric Dier,0.0,1.0,0.4645386040210724,0.0,0.0,0.0,0.0,0.4645386040210724,2.4665858149528503,2.0020471811294556
660,Ben Davies,0.0,3.0,0.0909328032284974,0.1261964999139308,0.0,3.0,0.0,0.0909328032284974,0.5446199998259543,0.3274899013340471
695,Bertrand Traoré,2.0,6.0,0.7346804197877645,0.0,0.0,0.0,2.0,0.7346804197877645,1.7250318350270393,1.0260013854131103
755,Jamie Vardy,1.0,3.0,0.6360608451068401,0.6621712818741798,0.0,2.0,1.0,0.6360608451068401,1.4696245044469833,0.2137335948646068
757,Jeffrey Schlupp,0.0,4.0,0.6357446201145648,1.1916664279997349,1.0,8.0,0.0,0.6357446201145648,1.0964950844645498,0.6981309950351715
782,Ben Chilwell,0.0,6.0,0.2728253975510595,1.0313382148742674,0.0,8.0,0.0,0.2728253975510595,1.8845004886388779,1.5166941098868847
900,Adama Traoré,0.0,2.0,0.0612397976219653,0.6725880280137062,0.0,3.0,0.0,0.0612397976219653,1.0584371834993362,0.343531996011734
935,Kurt Zouma,1.0,6.0,0.6774272806942462,0.0,0.0,0.0,1.0,0.6774272806942462,0.23404648527503008,0.1981224864721298
1376,Kalidou Koulibaly,0.0,2.0,0.1197599992156028,0.0475328005850314,1.0,2.0,0.0,0.1197599992156028,2.1736849918961525,2.1736849918961525
1389,Jorginho,0.0,1.0,0.0271512009203434,0.0,0.0,0.0,0.0,0.0271512009203434,0.2916060090065002,0.2916060090065002
1726,Abdoulaye Doucouré,2.0,7.0,1.3925294652581215,1.1663364171981807,2.0,9.0,2.0,1.3925294652581215,1.3748453445732591,0.1863245274871586
2248,Casemiro,0.0,1.0,0.0551678501069545,0.4303822703659533,0.0,3.0,0.0,0.0551678501069545,2.2160112261772156,1.7450977861881256
2335,Pablo Fornals,1.0,2.0,0.7244844660162926,0.1096231024712323,0.0,2.0,1.0,0.7244844660162926,0.9136162977665662,0.079508826136589
2379,João Cancelo,0.0,3.0,0.2792239822447299,0.8899896144866943,1.0,1.0,0.0,0.2792239822447299,3.191808804869652,2.042474254965782
2496,Rodri,0.0,7.0,0.4093030989170073,0.0617122016847132,1.0,2.0,0.0,0.4093030989170073,3.1912039518356323,3.084986925125122
5595,Daniel James,1.0,3.0,0.5545530021190643,0.4018949866294861,1.0,2.0,1.0,0.5545530021190643,1.5467300489544868,0.6440210118889809
5596,Harry Wilson,2.0,6.0,0.7057331949472427,0.065365619957447,0.0,2.0,2.0,0.7057331949472427,1.2671383172273636,0.5296940207481384
5735,Jean-Philippe Mateta,1.0,3.0,0.6415335908532142,0.0,0.0,0.0,1.0,0.6415335908532142,0.6801351383328437,0.0386015474796295
6157,Timothy Castagne,1.0,2.0,0.1099629271775483,0.517583455890417,0.0,5.0,1.0,0.1099629271775483,1.379039641469717,0.9040068201720712
6500,Romain Perraud,0.0,4.0,0.09511092025786619,0.1720512285828589,0.0,2.0,0.0,0.09511092025786619,0.3635592088103292,0.1984081063419579
6691,Dejan Kulusevski,0.0,8.0,0.4078329540789125,0.1085801795125006,0.0,4.0,0.0,0.4078329540789125,1.336148418486118,1.0426627900451422
6817,Fred,0.0,2.0,0.1448134072124957,0.0,0.0,0.0,0.0,0.1448134072124957,0.2363312542438507,0.09151785075664509
6837,Ryan Sessegnon,0.0,2.0,0.3556750118732452,0.4152770042419433,0.0,1.0,0.0,0.3556750118732452,0.9284995794296264,0.1575475931167602
6888,William Saliba,0.0,1.0,0.018155500292778,0.1543879956007003,0.0,2.0,0.0,0.018155500292778,2.9275340139865875,2.8430639654397964
6912,Pedro Porro,1.0,10.0,0.37082126922905434,0.586744701489806,0.0,7.0,1.0,0.37082126922905434,2.064975343644619,1.2639114279299972
7080,Matheus Cunha,1.0,8.0,0.4444201141595839,0.08187614195048801,0.0,2.0,1.0,0.4444201141595839,0.45457445830106724,0.0946880988776683
7298,Ben White,1.0,3.0,0.6937007457017899,0.9317948650568724,2.0,2.0,1.0,0.6937007457017899,3.2714649718254805,2.5903516095131636
7395,Carlos Vinicius,0.0,3.0,0.1400195956230163,0.0,0.0,1.0,0.0,0.1400195956230163,0.2553827986121177,0.173355197533965
7430,Emerson,1.0,3.0,0.43449608981609333,0.0755552984774112,0.0,3.0,1.0,0.43449608981609333,0.6936439871788024,0.1835920959711074
7892,João Félix,0.0,13.0,0.8049200177192688,0.0829623024910688,0.0,2.0,0.0,0.8049200177192688,1.7319511249661446,1.2420040965080261
8717,Pascal Struijk,0.0,1.0,0.0391216017305851,0.0337020009756088,0.0,1.0,0.0,0.0391216017305851,0.4905461836606262,0.4568441975861785
8845,Hee-Chan Hwang,2.0,6.0,1.0108952652662992,0.0145662315189838,0.0,1.0,2.0,1.0108952652662992,1.0240130294114351,0.0142849003896117
9040,Conor Gallagher,1.0,3.0,0.21307659521698938,0.0883134715259075,0.0,2.0,1.0,0.21307659521698938,0.737728253006935,0.4910887703299521
9301,Emmanuel Dennis,1.0,8.0,0.8782200068235396,0.1207232978194951,1.0,3.0,1.0,0.8782200068235396,0.8559745438396931,0.2104394398629664
9501,Fabio Carvalho,0.0,4.0,0.5063930153846741,0.1046279966831207,0.0,1.0,0.0,0.5063930153846741,1.0930180102586744,0.6484699994325637
9678,Ethan Pinnock,0.0,1.0,0.130151480436325,0.2083178162574768,0.0,3.0,0.0,0.130151480436325,1.2619718164205551,0.9583824463188647
9739,Kiernan Dewsbury-Hall,0.0,4.0,0.2403680384159087,0.40955941565334786,0.0,7.0,0.0,0.2403680384159087,1.1214248333126307,0.585539475083351
9948,Michael Olise,0.0,10.0,0.4642254654318092,1.8981123566627502,3.0,14.0,0.0,0.4642254654318092,2.1820240542292595,0.7626027464866636
10552,Alejandro Garnacho,1.0,7.0,1.195995006710291,0.0,0.0,0.0,1.0,1.195995006710291,1.198370411992073,0.043894398957490796
10750,Rasmus Kristensen,1.0,3.0,0.1782270073890686,0.1100889965891838,0.0,1.0,1.0,0.1782270073890686,0.618994865566492,0.44076785072684277
10766,Joe Ayodele-Aribo,0.0,2.0,0.0877203978598116,0.0,0.0,0.0,0.0,0.0877203978598116,0.2659052014350889,0.2356332018971441
10864,Marcos Senesi,0.0,2.0,0.6389309763908386,0.1075541973114013,0.0,2.0,0.0,0.6389309763908386,0.6734938472509383,0.6734938472509383
11058,Julio Enciso,2.0,10.0,1.779833683744073,0.3390064463019371,0.0,3.0,2.0,1.779833683744073,3.416578523814678,1.4414299922063947
11155,Wilfried Gnonto,0.0,1.0,0.0192708000540733,0.36577969789505,2.0,2.0,0.0,0.0192708000540733,0.1102019995450973,0.1102019995450973
76,Fabian Schär,0.0,4.0,0.2445192951709029,1.2500547096133232,3.0,4.0,0.0,0.2445192951709029,1.9260547943413258,1.3034944720566273
101,Allan Saint-Maximin,0.0,5.0,0.2179146036505698,2.2026709616184235,2.0,12.0,0.0,0.2179146036505698,2.576898008584976,1.1347746476531029
318,Pierre-Emerick Aubameyang,0.0,9.0,1.4184220135211945,0.0324504002928733,0.0,1.0,0.0,1.4184220135211945,1.450872004032135,0.0
332,Joel Matip,1.0,4.0,0.6325704008340834,0.3024866059422493,0.0,3.0,1.0,0.6325704008340834,1.529292872175574,1.4740468766540287
448,Ivan Perisic,0.0,9.0,0.5810443833470342,1.9605510011315346,2.0,11.0,0.0,0.5810443833470342,2.5652800500392914,1.712602760642767
488,Philippe Coutinho,1.0,5.0,0.2083877269178627,0.12235750071704381,0.0,2.0,1.0,0.2083877269178627,0.44218614138662804,0.1537239998579025
500,Alex Iwobi,0.0,7.0,0.16706182435154893,0.8466610349714755,0.0,12.0,0.0,0.16706182435154893,1.9624600484967232,1.2931355983018875
530,James Tomkins,1.0,3.0,0.7290570810437201,0.0,0.0,0.0,1.0,0.7290570810437201,0.1063892990350722,0.0669699981808662
532,Cheikhou Kouyaté,0.0,1.0,0.0145543003454804,0.0350727997720241,0.0,1.0,0.0,0.0145543003454804,0.1565058948472141,0.1068787947297096
585,Seamus Coleman,0.0,2.0,0.028420000337064197,0.3121669888496399,0.0,1.0,0.0,0.028420000337064197,0.4404654167592524,0.12829830124974229
631,Ashley Young,0.0,4.0,0.0615895967930554,0.125423265621066,0.0,3.0,0.0,0.0615895967930554,1.6380225010216234,1.606781732290983
646,Christian Eriksen,0.0,7.0,0.8002451248466967,0.8646193891763686,1.0,6.0,0.0,0.8002451248466967,2.661036640405655,2.443717636168003
652,Kieran Trippier,0.0,0.0,0.0,0.8409492224454878,0.0,15.0,0.0,0.0,3.2587708085775375,2.958436593413353
753,Marc Albrighton,1.0,2.0,0.4420046992599963,0.5711894929409027,0.0,6.0,1.0,0.4420046992599963,2.0923749804496765,1.671343982219696
802,Diego Costa,1.0,5.0,0.6323282495141027,0.17657696083188051,0.0,4.0,1.0,0.6323282495141027,0.8064568191766737,0.0255782008171081
804,Craig Dawson,0.0,4.0,0.2030262313783167,0.0,0.0,0.0,0.0,0.2030262313783167,0.1628371831029652,0.1628371831029652
885,Kyle Walker-Peters,0.0,1.0,0.0591317005455493,0.1451063603162765,0.0,2.0,0.0,0.0591317005455493,0.8199146538972854,0.6725553944706917
966,Alex Oxlade-Chamberlain,1.0,7.0,1.493293778039515,0.6487660109996796,0.0,3.0,1.0,1.493293778039515,2.3109077597036958,0.5513057112693786
1006,Luke Shaw,0.0,2.0,0.1128356009721755,0.6148759685456751,0.0,9.0,0.0,0.1128356009721755,1.3965897150337696,0.9314962960779666
1024,Tyrone Mings,1.0,2.0,0.0766401356086134,0.0,0.0,0.0,1.0,0.0766401356086134,2.125248245894909,2.113902799785137
1234,Dennis Praet,0.0,2.0,0.42441682517528534,0.1313121020793914,0.0,1.0,0.0,0.42441682517528534,0.5814424250274896,0.1570246014744042
1245,Emerson,0.0,1.0,0.0448576994240284,0.2540479935705661,0.0,3.0,0.0,0.0448576994240284,0.2941980883479118,0.2507197931408882
1653,Michael Keane,1.0,5.0,0.19657788798212988,0.0,0.0,0.0,1.0,0.19657788798212988,0.2832562178373335,0.2661216147243975
1665,James Tarkowski,0.0,4.0,0.6953025050461291,0.48615118674933905,0.0,3.0,0.0,0.6953025050461291,1.421965520828962,1.306951392441988
1749,Rob Holding,1.0,4.0,0.2755677849054335,0.0,0.0,0.0,1.0,0.2755677849054335,1.83045507594943,1.83045507594943
1785,Nampalys Mendy,0.0,0.0,0.0,0.0,0.0,0.0,0.0,0.0,1.1403138227760792,1.1403138227760792
1791,Trent Alexander-Arnold,0.0,3.0,0.05631775781512249,3.041407722979784,5.0,12.0,0.0,0.05631775781512249,4.378879398107529,3.745516747236252
1801,Pontus Jansson,1.0,3.0,0.1761634983122348,0.0,0.0,0.0,1.0,0.1761634983122348,0.49681450240313996,0.38049019314348687
1823,Lucas Digne,0.0,0.0,0.0,0.1540590673685073,0.0,2.0,0.0,0.0,0.41076507419347746,0.3058976307511328
2199,Pablo Sarabia,0.0,8.0,1.0976787991821766,0.07630129903554911,0.0,3.0,0.0,1.0976787991821766,1.675978496670723,0.759922206401825
2254,Mateo Kovacic,0.0,7.0,0.7344066221266984,0.5418245028704404,0.0,6.0,0.0,0.7344066221266984,2.9568619579076767,1.8059068620204926
2280,Jonny,1.0,1.0,0.0055394098162651,0.4407530128955841,0.0,2.0,1.0,0.0055394098162651,0.9890465028584001,0.5427545197308062
2371,Cristiano Ronaldo,1.0,15.0,1.724659003317356,0.0568922013044357,0.0,1.0,1.0,1.724659003317356,2.1738270446658134,0.6964949816465377
2662,Christian Pulisic,0.0,2.0,0.1301339995115994,0.0432773008942604,0.0,1.0,0.0,0.1301339995115994,0.5332059916108844,0.3597939983010291
2958,Oleksandr Zinchenko,0.0,6.0,0.1703836657106873,0.0153154842555522,0.0,1.0,0.0,0.1703836657106873,4.083058282732964,3.980923864990473
3203,Issa Diop,0.0,0.0,0.0,0.0,0.0,0.0,0.0,0.0,0.7435692027211189,0.7435692027211189
3303,Ricardo Pereira,1.0,2.0,0.0841288976371288,0.3655701056122779,1.0,6.0,1.0,0.0841288976371288,0.9638130143284795,0.6942579969763754
3600,Serge Aurier,0.0,2.0,0.1080199973657726,0.0480183996260166,0.0,1.0,0.0,0.1080199973657726,0.129937497898936,0.129937497898936
3621,Neal Maupay,0.0,3.0,0.9011469930410384,0.018071599304676,0.0,1.0,0.0,0.9011469930410384,0.5052269846200942,0.4501720070838928
4419,Adam Armstrong,0.0,3.0,0.169440820813179,0.0,0.0,0.0,0.0,0.169440820813179,0.169440820813179,0.0
5086,Marc Roca,0.0,10.0,0.8433246314525603,1.702257800847292,0.0,10.0,0.0,0.8433246314525603,1.8172136032953854,0.7702439809218048
5555,Dominic Calvert-Lewin,0.0,13.0,2.0624895989894867,0.0505261700600385,0.0,2.0,0.0,2.0624895989894867,2.3189032524824142,0.3893382400274276
5560,Scott McTominay,1.0,4.0,0.2885429933667182,0.6034785099327563,0.0,4.0,1.0,0.2885429933667182,1.4494977425783873,0.7959407176822423
5590,Tosin Adarabioyo,0.0,5.0,0.10117984563112249,0.1162681970745324,0.0,3.0,0.0,0.10117984563112249,0.6584301106631754,0.6007011123001573
5602,Sam Surridge,0.0,1.0,0.0402248986065387,0.0,0.0,0.0,0.0,0.0402248986065387,0.0224025435745716,0.0224025435745716
5682,Gonçalo Guedes,1.0,8.0,0.7692994177341459,0.0246750004589557,0.0,1.0,1.0,0.7692994177341459,0.888089183717966,0.2077859006822108
6048,Lewis Dunk,1.0,7.0,0.57368516176939,0.09944009874016041,0.0,3.0,1.0,0.57368516176939,1.5069849863648415,1.45899748057127
6088,Orel Mangala,1.0,3.0,0.1424238681793212,0.0,0.0,0.0,1.0,0.1424238681793212,0.5942957773804665,0.4742742739617823
6314,Joachim Andersen,0.0,5.0,0.09439528267830599,0.2474317736923693,0.0,5.0,0.0,0.09439528267830599,0.6804806366562841,0.4724433682858942
6485,Júnior Firpo,0.0,0.0,0.0,0.639127105474472,1.0,2.0,0.0,0.0,0.9683398343622682,0.889212731271982
6521,Yerry Mina,1.0,3.0,0.2123614996671676,0.0255555994808673,0.0,1.0,1.0,0.2123614996671676,0.5402646008878945,0.5147090014070272
6674,Rayan Ait Nouri,0.0,0.0,0.0,0.0,0.0,0.0,0.0,0.0,0.44320199638605107,0.44320199638605107
6851,Conor Coady,0.0,1.0,0.4508770108222961,0.0,0.0,0.0,0.0,0.4508770108222961,0.8984099980443714,0.8984099980443714
6852,Matt Doherty,1.0,6.0,0.6656170040369032,0.2073907926678656,0.0,4.0,1.0,0.6656170040369032,1.3841620087623594,0.8093343898653983
6893,Stuart Armstrong,0.0,2.0,0.1197517961263655,0.10887813009321681,0.0,3.0,0.0,0.1197517961263655,0.7102215159684417,0.5238482151180506
6935,Naif Aguerd,1.0,3.0,0.6270829886198044,0.4382962100207805,0.0,2.0,1.0,0.6270829886198044,0.5345172956585883,0.5345172956585883
7007,Duje Caleta-Car,1.0,2.0,0.5809052046388387,0.0,0.0,0.0,1.0,0.5809052046388387,0.5964175034314394,0.5779638420790434
7078,Sean Longstaff,0.0,5.0,0.3862461447715758,0.6062427759170532,1.0,3.0,0.0,0.3862461447715758,2.789509754627943,1.924336742609739
7083,Christian Nørgaard,0.0,4.0,0.23700230009853832,0.036854300647974,0.0,1.0,0.0,0.23700230009853832,0.2822797950357197,0.1718937959522008
7184,Tim Ream,0.0,0.0,0.0,0.01904690079391,0.0,1.0,0.0,0.0,0.5319640040397643,0.5129169970750809
7198,Oliver Skipp,0.0,1.0,0.0214987993240356,0.2845995351672172,0.0,2.0,0.0,0.0214987993240356,1.2914737053215501,1.0700617022812364
7281,Diogo Dalot,1.0,5.0,0.5495227146893737,0.3256092034280298,0.0,6.0,1.0,0.5495227146893737,2.527637392282486,1.781694097444415
7546,Harvey Elliott,0.0,7.0,0.7157290056347845,0.7583370283246039,1.0,3.0,0.0,0.7157290056347845,3.025562411174178,1.624572655186057
7589,Wesley Fofana,0.0,2.0,0.15967999398708338,0.0131366541609168,0.0,1.0,0.0,0.15967999398708338,0.8869043476879594,0.8869043476879594
7603,Marc Guehi,1.0,2.0,0.783767819404602,0.048184024170041,0.0,2.0,1.0,0.783767819404602,0.6574388965964315,0.6403420716524123
7723,John McGinn,0.0,7.0,0.2466402165591714,0.3581216037273406,1.0,4.0,0.0,0.2466402165591714,1.411322444677353,1.0309961214661598
8066,Arnaut Danjuma Groeneveld,1.0,4.0,0.2392417863011359,0.0274659004062414,0.0,1.0,1.0,0.2392417863011359,0.603184713050723,0.3639429118484258
8067,Reece James,0.0,5.0,0.20486269891262038,1.3936090171337128,0.0,10.0,0.0,0.20486269891262038,1.5219726832583544,1.1310603795573115
8204,Neco Williams,1.0,4.0,0.1574642062187194,0.0730549013242125,0.0,3.0,1.0,0.1574642062187194,0.3575111506506799,0.1269920393824576
8288,Tomas Soucek,0.0,5.0,0.2951254099607467,0.24900057911872858,1.0,3.0,0.0,0.2951254099607467,0.1624394506216048,0.1263735815882682
8384,Armando Broja,0.0,2.0,0.1802188977599143,0.0866743996739387,0.0,1.0,0.0,0.1802188977599143,0.2668928951025009,0.0
8582,Ellis Simms,1.0,6.0,0.9066459834575653,0.0250137001276016,0.0,1.0,1.0,0.9066459834575653,0.9999750666320323,0.0683150999248027
8716,Luke Ayling,1.0,5.0,0.5931546539068221,0.1239877976477145,0.0,2.0,1.0,0.5931546539068221,1.6019558906555176,1.4616329818964005
8780,Joël Veltman,0.0,5.0,0.1655351985245942,0.0195403005927801,0.0,1.0,0.0,0.1655351985245942,1.4202400296926498,1.3421830236911774
8816,Liam Cooper,0.0,1.0,0.0123294703662395,0.1096377074718475,0.0,1.0,0.0,0.0123294703662395,1.2699233572930098,1.1602856498211622
8970,Sékou Mara,1.0,3.0,0.4265885856002568,0.4590030014514923,1.0,1.0,1.0,0.4265885856002568,0.4403288867324589,0.0137403002008795
9453,Moisés Caicedo,0.0,3.0,0.1180170029401778,0.7312364988029003,0.0,9.0,0.0,0.1180170029401778,3.1768003553152084,2.4466432929039
9493,Sam Greenwood,0.0,0.0,0.0,0.33341949060559267,0.0,2.0,0.0,0.0,0.0,0.0
9662,Dango Ouattara,1.0,5.0,0.258753653615713,0.3325067311525344,0.0,8.0,1.0,0.258753653615713,0.5715468823909757,0.0
9667,Amadou Onana,0.0,8.0,0.7842948473989961,0.19487690553069098,0.0,5.0,0.0,0.7842948473989961,0.9352075979113577,0.2826494090259073
9892,Matias Viña,1.0,3.0,0.40199143439531315,0.15791365504264832,0.0,2.0,1.0,0.40199143439531315,0.8494028374552726,0.4261448308825492
10004,Romeo Lavia,0.0,3.0,0.0672915028408169,0.1699155792593956,0.0,4.0,0.0,0.0672915028408169,0.5029054731130599,0.37596604228019703
10536,Tetê,0.0,4.0,0.6684126686304807,0.290936205536127,0.0,4.0,0.0,0.6684126686304807,0.9854829292744398,0.22486455552279933
10723,Stefan Bajcetic,0.0,3.0,0.1087546134367584,0.0,0.0,0.0,0.0,0.1087546134367584,1.2379419729113579,1.1291876081377268
10744,Ryan Christie,0.0,8.0,0.4512902423739432,0.3642279561609027,0.0,8.0,0.0,0.4512902423739432,1.3859245479106903,0.6603577844798564
10751,Brenden Aaronson,0.0,4.0,0.7849604748189449,0.4336593002080915,1.0,9.0,0.0,0.7849604748189449,1.082599237561226,0.3624469265341757
10756,Joe Worrall,1.0,1.0,0.5187739729881287,0.1726841554045676,0.0,2.0,1.0,0.5187739729881287,0.3055876083672044,0.21578425541520097
10759,Lewis O&#039;Brien,0.0,1.0,0.0211606007069349,0.0,0.0,0.0,0.0,0.0211606007069349,1.0729500353336334,1.0729500353336334
10802,Lisandro Martínez,0.0,4.0,0.1374974027276039,0.0,0.0,0.0,0.0,0.1374974027276039,2.1722630113363266,2.1722630113363266
11000,Matheus Nunes,1.0,1.0,0.0356026999652385,0.2135296240448951,0.0,5.0,1.0,0.0356026999652385,0.39965444430708863,0.24480638466775398
11007,Fábio Vieira,0.0,5.0,0.1611310429871082,0.5836926624178884,0.0,6.0,0.0,0.1611310429871082,0.8403180465102194,0.7782120630145071
11317,Danilo,1.0,6.0,0.245135687291622,0.351241935044527,0.0,3.0,1.0,0.245135687291622,0.8283240012824533,0.2319463901221751
11362,Facundo Buonanotte,1.0,3.0,0.6763725019991398,0.5183699913322923,1.0,5.0,1.0,0.6763725019991398,1.2963279001414776,0.6092135682702065
11384,João Gomes,0.0,1.0,0.0128130996599793,0.10306351818144299,0.0,4.0,0.0,0.0128130996599793,1.072941843420267,0.9800362531095742
181,Bernd Leno,0.0,0.0,0.0,0.0,0.0,0.0,0.0,0.0,0.0207010991871356,0.0207010991871356
229,Thiago Alcántara,0.0,1.0,0.0704852640628814,0.1226909980177879,0.0,3.0,0.0,0.0704852640628814,2.176997348666191,1.9838210921734571
458,Steve Cook,0.0,2.0,0.1092846989631652,0.7153429687023163,0.0,2.0,0.0,0.1092846989631652,0.0889310985803604,0.0889310985803604
461,Matt Ritchie,0.0,0.0,0.0,0.0817376971244812,0.0,1.0,0.0,0.0,0.124439001083374,0.124439001083374
463,Junior Stanislas,1.0,2.0,0.08276470005512229,0.1098148040473461,0.0,3.0,1.0,0.08276470005512229,0.34111730381846417,0.2194729037582874
473,Danny Ward,0.0,0.0,0.0,0.0,0.0,0.0,0.0,0.0,0.4757150914520024,0.4757150914520024
489,James Milner,0.0,0.0,0.0,0.0,0.0,0.0,0.0,0.0,0.1405400037765503,0.1405400037765503
496,Mohamed Elneny,0.0,0.0,0.0,0.0,0.0,0.0,0.0,0.0,0.6661199927330017,0.6661199927330017
508,Calum Chambers,0.0,0.0,0.0,0.3778975680470466,0.0,2.0,0.0,0.0,0.38843420892953867,0.0105366334319114
509,Wayne Hennessey,0.0,0.0,0.0,0.1527590006589889,0.0,3.0,0.0,0.0,0.1475651040673255,0.0683410018682479
510,Joel Ward,0.0,2.0,0.046265844255685695,0.1673844959586858,0.0,3.0,0.0,0.046265844255685695,0.7153385952115057,0.5583964735269545
528,Angelo Ogbonna,0.0,2.0,0.123515699058771,0.0,0.0,0.0,0.0,0.123515699058771,0.6906567700207233,0.6906567700207233
534,Aaron Cresswell,0.0,2.0,0.0982051603496073,0.8432987369596958,1.0,8.0,0.0,0.0982051603496073,0.6222333889454602,0.466441912576556
535,Manuel Lanzini,0.0,0.0,0.0,0.0,0.0,0.0,0.0,0.0,0.0258616991341114,0.0258616991341114
546,David de Gea,0.0,0.0,0.0,0.0,0.0,0.0,0.0,0.0,0.2727483063936233,0.2727483063936233
558,Jesse Lingard,0.0,1.0,0.1254120022058487,0.1114734970033168,0.0,2.0,0.0,0.1254120022058487,0.1570574007928371,0.0316453985869884
561,Joe Rothwell,0.0,2.0,0.1104581020772457,0.3826740533113479,0.0,3.0,0.0,0.1104581020772457,0.6725583486258981,0.6284086517989633
579,Nathan Aké,0.0,2.0,0.1020950004458427,0.6118410229682922,0.0,2.0,0.0,0.1020950004458427,4.461886942386627,4.3792479038238525
603,Nathaniel Clyne,0.0,0.0,0.0,0.4241009950637817,0.0,2.0,0.0,0.0,0.6628708988428116,0.5561288949102162
605,Jordan Henderson,0.0,5.0,0.2763634538277983,1.3720099292695522,1.0,10.0,0.0,0.2763634538277983,2.6677309200167656,1.8686242997646332
633,James McArthur,0.0,1.0,0.0297858994454145,0.0749856978654861,1.0,2.0,0.0,0.0297858994454145,0.4526520073413848,0.4526520073413848
635,Alex McCarthy,0.0,0.0,0.0,0.0234091002494096,0.0,1.0,0.0,0.0,0.0753371696919202,0.0519280694425106
637,Hugo Lloris,0.0,0.0,0.0,0.0,0.0,0.0,0.0,0.0,0.35312924534082407,0.35312924534082407
638,Kyle Walker,0.0,0.0,0.0,0.0,0.0,0.0,0.0,0.0,1.298938363790512,1.298938363790512
645,Dele Alli,0.0,0.0,0.0,0.0423201005905865,0.0,2.0,0.0,0.0,0.1591407991945742,0.138034801930189
661,Josh Onomah,0.0,3.0,0.0968635017052292,0.0329759009182453,0.0,1.0,0.0,0.0968635017052292,0.7435279935598371,0.6136879026889799
668,Idrissa Gueye,0.0,6.0,0.2452387250959871,0.1274215960875152,0.0,4.0,0.0,0.2452387250959871,0.8895513564348219,0.6681513004004953
681,César Azpilicueta,0.0,2.0,0.1030649989843368,0.3623510003089905,0.0,1.0,0.0,0.1030649989843368,0.6712350323796272,0.6712350323796272
688,Ruben Loftus-Cheek,0.0,0.0,0.0,0.6533046998083588,0.0,5.0,0.0,0.0,0.975560002028942,0.3222549967467784
694,Asmir Begovic,0.0,0.0,0.0,0.0,0.0,0.0,0.0,0.0,0.6044809818267822,0.6044809818267822
706,Lukasz Fabianski,0.0,0.0,0.0,0.0,0.0,0.0,0.0,0.0,0.0,0.0
713,André Ayew,0.0,1.0,0.0350727997720241,0.0,0.0,0.0,0.0,0.0350727997720241,0.0350727997720241,0.0
741,Jordan Pickford,0.0,0.0,0.0,0.0,0.0,0.0,0.0,0.0,0.1263925991952419,0.1263925991952419
751,N&#039;Golo Kanté,0.0,7.0,0.2926078364253043,1.3158990927040577,0.0,10.0,0.0,0.2926078364253043,3.31286358833313,1.9571372717618942
759,Daniel Amartey,0.0,3.0,0.9985097106546162,0.0,0.0,0.0,0.0,0.9985097106546162,0.623531714081764,0.623531714081764
766,Jamaal Lascelles,0.0,2.0,0.12024039402604089,0.0,0.0,0.0,0.0,0.12024039402604089,0.3341249972581863,0.3341249972581863
767,Jack Colback,0.0,0.0,0.0,0.0239278003573417,0.0,1.0,0.0,0.0,0.2086444050073622,0.2086444050073622
769,Jonjo Shelvey,0.0,6.0,0.16045399662107201,0.0542545989155769,0.0,2.0,0.0,0.16045399662107201,0.30098499916493876,0.2365789972245692
770,Ayoze Pérez,1.0,12.0,1.4334211871027946,0.775148995220661,1.0,3.0,1.0,1.4334211871027946,3.3478042110800743,1.8343198150396347
790,Nathan Redmond,1.0,4.0,0.118276098743081,0.1130390018224716,0.0,2.0,1.0,0.118276098743081,0.4423538893461225,0.28518390469253035
807,Jonny Evans,0.0,1.0,0.0843219012022018,0.0927421972155571,0.0,1.0,0.0,0.0843219012022018,1.4960524886846542,1.4033104926347733
813,Salomón Rondón,0.0,1.0,0.0164608992636203,0.0,0.0,0.0,0.0,0.0164608992636203,0.0164608992636203,0.0
825,Adam Smith,0.0,1.0,0.0245519001036882,0.0941016152501106,0.0,2.0,0.0,0.0245519001036882,0.324614593759179,0.2440988793969154
831,Fraser Forster,0.0,0.0,0.0,0.0,0.0,0.0,0.0,0.0,0.503568861633539,0.503568861633539
842,Oriol Romeu,1.0,2.0,0.09593220055103291,0.0606448110193013,0.0,2.0,1.0,0.09593220055103291,2.3979368805885315,2.3429368883371353
847,Cédric Soares,0.0,1.0,0.0207010991871356,0.0586207993328571,0.0,1.0,0.0,0.0207010991871356,0.1642524003982543,0.10563159734010691
884,Matt Targett,0.0,0.0,0.0,0.1306778714060782,0.0,2.0,0.0,0.0,0.0851595737040042,0.0608767010271549
978,Sam Johnstone,0.0,0.0,0.0,0.0,0.0,0.0,0.0,0.0,0.2751994803547857,0.2751994803547857
983,Kevin Mbabu,0.0,0.0,0.0,0.5595380067825317,1.0,2.0,0.0,0.0,0.665716927498579,0.10617839917540539
985,Mason Holgate,0.0,2.0,0.1397130042314529,0.303149316459894,0.0,5.0,0.0,0.1397130042314529,1.202768176794052,0.9595812186598777
987,Joseph Gomez,0.0,2.0,0.0390528999269008,0.0,0.0,0.0,0.0,0.0390528999269008,2.0891073178499937,2.0629842169582844
1042,Tom Davies,0.0,0.0,0.0,0.0822388008236885,0.0,1.0,0.0,0.0,0.1397210005670784,0.0574821997433899
1078,Sergi Canos,0.0,1.0,0.0599079988896846,0.0176229998469352,0.0,1.0,0.0,0.0599079988896846,0.0775309987366198,0.0
1257,Alisson,0.0,0.0,0.0,0.0,0.0,0.0,0.0,0.0,0.2424837853759527,0.2424837853759527
1297,Neto,0.0,0.0,0.0,0.0,0.0,0.0,0.0,0.0,0.3371676504611968,0.3371676504611968
1299,Mario Lemina,0.0,5.0,0.0992595311254261,0.0564808025956153,1.0,1.0,0.0,0.0992595311254261,0.3086343742907045,0.1794254407286643
1488,Remo Freuler,0.0,2.0,0.1372500993311404,0.0739247985184191,0.0,2.0,0.0,0.1372500993311404,0.3461776971817015,0.2599466927349566
1537,Sasa Lukic,0.0,2.0,0.0438903998583554,0.0,0.0,0.0,0.0,0.0438903998583554,0.200528897345066,0.1824219971895218
1545,Emil Krafth,0.0,1.0,0.0216125007718801,0.12949800491333,0.0,1.0,0.0,0.0216125007718801,0.9228671230375766,0.9012550748884677
1677,Nathaniel Chalobah,0.0,1.0,0.0855346992611885,0.4611020088195801,0.0,1.0,0.0,0.0855346992611885,0.0,0.0
1683,Ryan Fraser,0.0,5.0,0.2599705085158348,0.1695950999855994,0.0,2.0,0.0,0.2599705085158348,0.3367950990796089,0.0348662994801998
1687,Harry Maguire,0.0,1.0,0.0550504997372627,0.3629119992256164,0.0,1.0,0.0,0.0550504997372627,2.209497034549713,2.209497034549713
1688,Andrew Robertson,0.0,1.0,0.2583079934120178,1.732754409313202,2.0,9.0,0.0,0.2583079934120178,2.769913539290428,1.8809072524309158
1711,Adam Forshaw,0.0,0.0,0.0,0.13327880017459381,0.0,2.0,0.0,0.0,0.05629320070147491,0.05629320070147491
1719,Javier Manquillo,0.0,0.0,0.0,0.0,0.0,0.0,0.0,0.0,0.1813975013792514,0.1813975013792514
1735,Jack Stephens,0.0,2.0,0.22259140014648432,0.0,0.0,0.0,0.0,0.22259140014648432,1.1951119527220726,1.1951119527220726
1750,Ainsley Maitland-Niles,0.0,1.0,0.0137403002008795,0.0120660997927188,0.0,1.0,0.0,0.0137403002008795,0.45860261563211663,0.4448623154312371
1789,Lewis Cook,0.0,0.0,0.0,0.0245519001036882,0.0,1.0,0.0,0.0,0.2405153065919875,0.215963304042816
2163,Diego Llorente,0.0,3.0,0.137472003698349,0.0,0.0,0.0,0.0,0.137472003698349,0.7918005678802728,0.7918005678802728
2190,Vicente Guaita,0.0,0.0,0.0,0.0,0.0,0.0,0.0,0.0,0.2289416044950484,0.2289416044950484
2243,Keylor Navas,0.0,0.0,0.0,0.0,0.0,0.0,0.0,0.0,0.0224025435745716,0.0224025435745716
2245,Raphael Varane,0.0,4.0,0.7269450128078461,0.0195685997605323,0.0,1.0,0.0,0.7269450128078461,1.1050359085202215,1.0736909136176107
2310,Alphonse Areola,0.0,0.0,0.0,0.0,0.0,0.0,0.0,0.0,0.1645716931670903,0.1645716931670903
2498,Aymeric Laporte,0.0,5.0,0.5729190111160278,0.1214704029262065,0.0,3.0,0.0,0.5729190111160278,1.5760700181126592,1.4936570301651952
2674,Thilo Kehrer,0.0,0.0,0.0,0.5268820710480211,2.0,5.0,0.0,0.0,0.6880405135452745,0.34648939594626416
3278,Maxwel Cornet,0.0,3.0,0.5403329320251942,0.0942045971751213,0.0,1.0,0.0,0.5403329320251942,0.7140467464923859,0.079508826136589
3288,Thiago Silva,0.0,5.0,0.765375643968582,0.0335531011223793,0.0,1.0,0.0,0.765375643968582,1.1461743116378784,1.041500799357891
3293,Lucas Moura,0.0,0.0,0.0,0.1360780000686645,0.0,2.0,0.0,0.0,0.1052580028772354,0.0
3298,Layvin Kurzawa,0.0,0.0,0.0,0.1044749990105629,0.0,1.0,0.0,0.0,0.5294110178947449,0.4249359965324402
3420,Fabinho,0.0,6.0,0.21279158629477007,1.0939601249992847,1.0,4.0,0.0,0.21279158629477007,1.510419750586152,1.1312898751348257
3422,João Moutinho,0.0,1.0,0.067664198577404,0.0280537102371453,0.0,2.0,0.0,0.067664198577404,0.15089640859514458,0.0741001991555094
3696,Morgan Sanson,0.0,10.0,1.0217343345284462,1.2588171157985926,1.0,6.0,0.0,1.0217343345284462,3.6236845552921295,1.702904649078846
4105,Raúl Jiménez,0.0,8.0,1.1618677284568548,0.9843517914414405,1.0,6.0,0.0,1.1618677284568548,2.1762209832668304,0.773089714348316
4120,Álex Moreno,0.0,5.0,0.2188807707279919,0.8185223489999771,1.0,8.0,0.0,0.2188807707279919,1.3669209852814674,0.7653621807694433
4381,Mateusz Klich,0.0,2.0,0.0574117992073296,0.0,0.0,0.0,0.0,0.0574117992073296,0.0726033989340066,0.0503817982971668
4401,Emiliano Martinez,0.0,0.0,0.0,0.0,0.0,0.0,0.0,0.0,0.8457070216536521,0.8457070216536521
5050,Clement Lenglet,0.0,1.0,0.1175640001893043,0.0090841799974441,0.0,1.0,0.0,0.1175640001893043,2.520755097270012,2.511671081185341
5061,Kepa,0.0,0.0,0.0,0.0,0.0,0.0,0.0,0.0,0.7858622968196867,0.7858622968196867
5136,Estupiñán,0.0,7.0,0.6324153374880552,0.5197405014187095,0.0,8.0,0.0,0.6324153374880552,2.5343405678868294,1.5596680119633672
5247,Naby Keita,0.0,7.0,0.31564698740839947,0.5239768996834754,0.0,5.0,0.0,0.31564698740839947,1.0989710241556168,0.27558450400829293
5248,Marcel Sabitzer,0.0,6.0,0.4321670010685919,0.8965929746627808,1.0,4.0,0.0,0.4321670010685919,2.763614848256111,1.9145699962973595
5264,Caglar Söyüncü,0.0,4.0,0.2483873851597308,0.1161900013685226,0.0,1.0,0.0,0.2483873851597308,0.8288616947829723,0.8288616947829723
5360,Weston McKennie,0.0,3.0,0.1260133460164069,0.2852593585848807,0.0,5.0,0.0,0.1260133460164069,1.0394534915685654,0.7438971176743507
5545,Wilfred Ndidi,0.0,1.0,0.0280868001282215,0.0218672007322311,0.0,1.0,0.0,0.0280868001282215,0.8007768206298349,0.7508230470120905
5549,Luka Milivojevic,0.0,2.0,0.058323634788393905,0.0,0.0,0.0,0.0,0.058323634788393905,0.2439024187624454,0.185578778386116
5552,Nick Pope,0.0,0.0,0.0,0.0174218993633985,0.0,1.0,0.0,0.0,1.2083277627825735,1.1908976957201955
5584,Aaron Wan-Bissaka,0.0,6.0,0.834313528612256,0.3082599006593225,0.0,4.0,0.0,0.834313528612256,2.302467532455921,2.0107824355363846
5603,Aaron Ramsdale,0.0,0.0,0.0,0.0,0.0,0.0,0.0,0.0,0.0376037321984767,0.0376037321984767
5609,Yves Bissouma,0.0,0.0,0.0,0.2339760959148406,0.0,3.0,0.0,0.0,0.0929225981235503,0.0501874983310699
5646,Cafú,0.0,3.0,0.5430955961346626,0.0945971980690955,0.0,3.0,0.0,0.5430955961346626,0.49126639217138285,0.400293390266597
5712,Diego Carlos,0.0,7.0,0.8555229874327777,0.0,0.0,0.0,0.0,0.8555229874327777,1.2449590992182493,1.2274052994325757
5789,Boubacar Kamara,0.0,0.0,0.0,0.47205841541290267,0.0,2.0,0.0,0.0,0.7195152863860129,0.684581287205219
5973,Kenny Tete,0.0,0.0,0.0,0.21042687073349942,0.0,4.0,0.0,0.0,1.0877979695796967,0.918449006974697
5989,Moussa Niakhate,0.0,1.0,0.0089461402967572,0.0,0.0,0.0,0.0,0.0089461402967572,0.22566878423094738,0.22566878423094738
6026,Richarlison,0.0,3.0,0.6144553050398827,0.32534580677747715,1.0,3.0,0.0,0.6144553050398827,1.0040472764521835,0.5502271596342323
6027,Jairo Riedewald,0.0,0.0,0.0,0.0,0.0,0.0,0.0,0.0,0.7079486846923827,0.7079486846923827
6030,Zanka,0.0,1.0,0.1303559690713882,0.0,0.0,0.0,0.0,0.1303559690713882,0.10718693584203709,0.10718693584203709
6042,Jan Bednarek,0.0,1.0,0.0150700230151414,0.0,0.0,0.0,0.0,0.0150700230151414,0.2446300759911536,0.2446300759911536
6047,Shane Duffy,0.0,2.0,0.079809196293354,0.0210516992956399,0.0,1.0,0.0,0.079809196293354,0.5796030163764954,0.5585520267486572
6054,Ederson,0.0,0.0,0.0,0.0,0.0,0.0,0.0,0.0,1.6107614040374756,1.6107614040374756
6080,Victor Lindelöf,0.0,1.0,0.0472954995930194,0.0,0.0,0.0,0.0,0.0472954995930194,1.5408756136894224,1.5408756136894224
6083,Ludwig Augustinsson,0.0,2.0,0.0730345025658607,0.0127945002168416,0.0,1.0,0.0,0.0730345025658607,0.1053555998951195,0.0382775999605655
6104,Will Hughes,0.0,1.0,0.0606132000684738,0.6436422318220137,1.0,3.0,0.0,0.0606132000684738,0.9235652163624762,0.24378321319818488
6147,Denis Zakaria,0.0,0.0,0.0,0.0211979001760482,0.0,1.0,0.0,0.0,0.853712286800146,0.8325143866240976
6163,Nélson Semedo,0.0,1.0,0.0316930003464221,0.0896921977400779,0.0,1.0,0.0,0.0316930003464221,0.32132373377680745,0.1999385356903074
6249,Davinson Sánchez,0.0,0.0,0.0,0.0,0.0,0.0,0.0,0.0,0.23550478555262078,0.23550478555262078
6252,Lyanco,0.0,3.0,0.0853284001350402,0.0,0.0,0.0,0.0,0.0853284001350402,0.0182130001485347,0.0
6273,Robin Koch,0.0,3.0,0.1926333047449587,0.0362744629383087,0.0,1.0,0.0,0.1926333047449587,0.1931826062500475,0.1931826062500475
6310,Boubakary Soumare,0.0,0.0,0.0,0.1402862071990965,0.0,5.0,0.0,0.0,0.9890454970300198,0.90267438814044
6326,Ibrahima Konaté,0.0,3.0,0.711547091603279,0.2667285501956939,0.0,1.0,0.0,0.711547091603279,1.6925578266382217,1.0226139277219772
6329,Harry Souttar,0.0,5.0,0.7780809998512267,0.0566461011767387,0.0,1.0,0.0,0.7780809998512267,1.109541293233633,0.9963692910969257
6382,Pedro Neto,0.0,3.0,0.127326315268874,0.4945290088653564,0.0,2.0,0.0,0.127326315268874,0.5666866395622491,0.4673860073089599
6424,Ben Johnson,0.0,1.0,0.0246596001088619,0.0,0.0,0.0,0.0,0.0246596001088619,0.7312949895858765,0.7066349983215332
6490,Manuel Akanji,0.0,1.0,0.0157651994377374,0.0466892011463642,0.0,1.0,0.0,0.0157651994377374,3.0658815652132034,3.0501155704259872
6532,Martin Dubravka,0.0,0.0,0.0,0.0334176998585462,0.0,2.0,0.0,0.0,0.45280271582305426,0.41938501596450795
6615,Trevoh Chalobah,0.0,1.0,0.0614802315831184,0.1167341321706771,0.0,1.0,0.0,0.0614802315831184,1.0981368497014046,1.0981368497014046
6656,Sergio Gómez,0.0,3.0,0.13151250034570688,0.1714150011539459,1.0,2.0,0.0,0.13151250034570688,1.1001345291733742,0.8270789980888367
6665,Curtis Jones,0.0,2.0,0.127598650753498,0.5351596511900423,1.0,6.0,0.0,0.127598650753498,2.465280819684267,1.9724364764988422
6736,Ibrahima Diallo,0.0,0.0,0.0,0.067560601979494,0.0,2.0,0.0,0.0,0.17146519944071759,0.1527022011578082
6820,David Brooks,1.0,4.0,0.419275190681219,0.3881195038557052,0.0,2.0,1.0,0.419275190681219,0.7776884995400904,0.0388798005878925
6835,Tom Cairney,0.0,1.0,0.0303274001926183,0.0,0.0,0.0,0.0,0.0303274001926183,0.17671380192041392,0.1463863998651504
6840,Neeskens Kebano,0.0,1.0,0.1210950016975402,0.0971091985702514,0.0,1.0,0.0,0.1210950016975402,0.38847900927066803,0.1702746003866195
6850,Willy Boly,0.0,0.0,0.0,0.117637999355793,1.0,1.0,0.0,0.0,0.4780612885951995,0.4780612885951995
6856,Rúben Vinagre,0.0,0.0,0.0,0.0,0.0,0.0,0.0,0.0,0.17874620109796518,0.17874620109796518
6880,Edouard Mendy,0.0,0.0,0.0,0.0,0.0,0.0,0.0,0.0,0.2772166971117256,0.2772166971117256
6891,Ryan Fredericks,0.0,0.0,0.0,0.0,0.0,0.0,0.0,0.0,0.27497199177742,0.27497199177742
6894,Mohamed Elyounoussi,0.0,3.0,0.1103997314348816,0.1418984085321425,0.0,2.0,0.0,0.1103997314348816,0.9341131402179598,0.7508960291743277
6923,Mohammed Salisu,0.0,8.0,0.7634850163012741,0.0827872976660728,0.0,2.0,0.0,0.7634850163012741,0.7542288862168787,0.7425477840006349
6937,Georginio Rutter,0.0,2.0,0.1469080001115799,0.14961620420217508,0.0,2.0,0.0,0.1469080001115799,0.22405280917882908,0.0
6962,Robin Olsen,0.0,0.0,0.0,0.0,0.0,0.0,0.0,0.0,0.10969150252640239,0.10969150252640239
6986,Hamed Junior Traore,0.0,5.0,0.7067921794950961,0.4369353093206881,0.0,9.0,0.0,0.7067921794950961,1.9751928560435772,1.13184261508286
7052,Wout Weghorst,0.0,2.0,0.13972159475088108,0.1393986083567142,0.0,3.0,0.0,0.13972159475088108,0.3839442022144793,0.104823999106884
7069,Saman Ghoddos,0.0,1.0,0.0554910004138946,0.1973633021116255,0.0,2.0,0.0,0.0554910004138946,0.0,0.0
7134,Marc Cucurella,0.0,1.0,0.0135078001767396,0.2211789935827255,0.0,3.0,0.0,0.0135078001767396,2.1446567699313164,2.131148748099804
7218,Cristian Romero,0.0,0.0,0.0,0.0706285424530505,0.0,3.0,0.0,0.0,2.508332520723343,2.43770432472229
7230,Emile Smith-Rowe,0.0,2.0,0.1778203062713146,0.5869680047035217,1.0,2.0,0.0,0.1778203062713146,0.1995205059647559,0.01932879909873
7235,Jason Steele,0.0,0.0,0.0,0.1888159960508346,1.0,1.0,0.0,0.0,0.7049890868365762,0.5161730907857416
7236,Leander Dendoncker,0.0,1.0,0.0185187999159097,0.0,0.0,0.0,0.0,0.0185187999159097,1.056489497423172,1.0379705131053925
7239,Conor Coventry,0.0,0.0,0.0,0.0,0.0,0.0,0.0,0.0,0.0,0.0
7240,Benoit Badiashile Mukinayi,0.0,1.0,0.0794799029827117,0.0705280974507331,0.0,1.0,0.0,0.0794799029827117,1.4191652536392212,1.3486372828483582
7280,Yan Valery,0.0,1.0,0.0107375681400299,0.1080906353890895,0.0,3.0,0.0,0.0107375681400299,0.7362101357430219,0.6173819536343216
7282,Giulian Biancone,1.0,2.0,0.5007087104022502,0.0,0.0,0.0,1.0,0.5007087104022502,0.45758990943431843,0.433552213013172
7332,Max Kilman,0.0,3.0,0.1281179413199423,0.0,0.0,0.0,0.0,0.1281179413199423,0.1524936407804488,0.1269153356552123
7338,Bryan Gil Salvatierra,0.0,5.0,0.2332053333520887,0.5249580144882202,1.0,4.0,0.0,0.2332053333520887,0.8178600557148454,0.0766363069415092
7352,Tyler Adams,0.0,2.0,0.0352555997669696,0.0349613018333911,0.0,1.0,0.0,0.0352555997669696,0.7174996882677076,0.6472826898097991
7366,Maximilian Wöber,0.0,1.0,0.01211419980973,0.10658790171146379,0.0,2.0,0.0,0.01211419980973,0.7474851384758947,0.6980851367115972
7382,Dan Burn,0.0,2.0,0.2004645466804504,0.0,0.0,0.0,0.0,0.2004645466804504,2.464646941050887,2.464646941050887
7384,Chris Mepham,0.0,2.0,0.2549770474433898,0.0611860007047653,0.0,1.0,0.0,0.2549770474433898,0.7441957294940948,0.6109427213668822
7438,James Garner,0.0,4.0,0.0934466961771249,0.132309004664421,1.0,2.0,0.0,0.0934466961771249,0.27123709395527823,0.19168629124760608
7582,Mark Travers,0.0,0.0,0.0,0.0,0.0,0.0,0.0,0.0,0.3129119873046875,0.3129119873046875
7689,Ben Godfrey,0.0,2.0,0.1447566971182822,0.0171346999704837,1.0,1.0,0.0,0.1447566971182822,0.0798199027776718,0.0171346999704837
7691,Jamal Lewis,0.0,0.0,0.0,0.0268901996314525,0.0,1.0,0.0,0.0,0.210820099338889,0.1839298997074365
7699,Adam Webster,0.0,1.0,0.0160536002367734,0.0426017008721828,0.0,1.0,0.0,0.0160536002367734,2.045400030910969,2.0027980282902718
7701,Moussa Djenepo,0.0,1.0,0.0421729013323783,0.43413648754358275,1.0,4.0,0.0,0.0421729013323783,0.5852565877139567,0.151079200208187
7702,Dean Henderson,0.0,0.0,0.0,0.0,0.0,0.0,0.0,0.0,0.6405529044568536,0.6405529044568536
7726,Ezri Konsa Ngoyo,0.0,1.0,0.0836074873805046,0.0113454079255461,0.0,1.0,0.0,0.0836074873805046,2.2251459881663322,2.213800586760044
7753,James Justin,0.0,2.0,0.0487485993653535,0.0316498987376689,0.0,1.0,0.0,0.0487485993653535,0.49921000003814686,0.4346020035445689
7823,Jack Stacey,0.0,1.0,0.0468770004808902,0.0,0.0,0.0,0.0,0.0468770004808902,0.1670161001384257,0.1201390996575355
7891,Renan Lodi,0.0,1.0,0.0820584967732429,0.0,0.0,0.0,0.0,0.0820584967732429,0.27652396261692036,0.1944659501314162
7921,Felipe,0.0,4.0,0.6723275072872639,0.1162215620279311,0.0,2.0,0.0,0.6723275072872639,0.6121410727500914,0.5535753071308135
7931,Takehiro Tomiyasu,0.0,2.0,0.090623402968049,0.0,0.0,0.0,0.0,0.090623402968049,0.6451306045055389,0.5692678019404411
7988,Billy Gilmour,0.0,2.0,0.1344829946756363,0.0671143978834152,0.0,1.0,0.0,0.1344829946756363,1.0129880160093307,0.8113906159996986
8089,Kieran Tierney,0.0,1.0,0.034970499575138,0.1237369999289512,1.0,1.0,0.0,0.034970499575138,2.1228135228157043,1.964106023311615
8090,Lloyd Kelly,0.0,1.0,0.0611860007047653,0.0109281996265053,0.0,1.0,0.0,0.0611860007047653,0.5105275139212605,0.49959921464323975
8119,Boubacar Traore,0.0,3.0,0.045800900086760396,0.3329919874668121,1.0,1.0,0.0,0.045800900086760396,0.8997778072953224,0.5332227982580662
8214,Tyrick Mitchell,0.0,3.0,0.2350256070494651,0.12564983777701838,0.0,4.0,0.0,0.2350256070494651,2.142814166843891,1.8376924768090246
8222,Japhet Tanganga,0.0,0.0,0.0,0.0,0.0,0.0,0.0,0.0,0.0585754998028278,0.0585754998028278
8226,Tariq Lamptey,0.0,3.0,0.110555600374937,0.0324035994708538,0.0,1.0,0.0,0.110555600374937,1.2792921997606754,1.2450391836464405
8228,Nathaniel Phillips,1.0,7.0,0.41971779614686944,0.1278190016746521,0.0,1.0,1.0,0.41971779614686944,1.5841879695653913,1.5841879695653913
8430,Chris Richards,0.0,3.0,0.6290891245007514,0.0,0.0,0.0,0.0,0.6290891245007514,0.2690551877021788,0.2690551877021788
8458,Harvey White,0.0,0.0,0.0,0.0,0.0,0.0,0.0,0.0,0.0,0.0
8497,Cole Palmer,0.0,0.0,0.0,0.107464000582695,0.0,1.0,0.0,0.0,0.107464000582695,0.107464000582695
8562,Luke Thomas,0.0,2.0,0.0662551000714302,0.0,0.0,0.0,0.0,0.0662551000714302,0.1990543976426124,0.1990543976426124
8635,Sven Botman,0.0,3.0,0.1255695633590221,0.040998101234436,0.0,1.0,0.0,0.1255695633590221,1.4716668464243412,1.4716668464243412
8646,Wout Faes,0.0,5.0,0.274699244648218,0.26772227883338917,1.0,3.0,0.0,0.274699244648218,1.5520724579691887,1.4650649838149548
8666,Cheick Oumar Doucoure,0.0,6.0,0.18603527173399909,0.1541448971256612,1.0,4.0,0.0,0.18603527173399909,1.5664003267884254,1.3975212946534157
8704,Marek Rodák,0.0,0.0,0.0,0.0,0.0,0.0,0.0,0.0,0.0205275006592273,0.0205275006592273
8715,Illan Meslier,0.0,0.0,0.0,0.0,0.0,0.0,0.0,0.0,0.1969335302710532,0.1969335302710532
8719,Kalvin Phillips,0.0,2.0,0.0747052002698182,0.0535963997244834,0.0,1.0,0.0,0.0747052002698182,0.0788454990833997,0.0544604994356632
8812,Sasa Kalajdzic,1.0,10.0,1.9237703830003738,1.121542401611805,3.0,10.0,1.0,1.16599440574646,1.650553122162819,0.3508000969886778
8821,Donny van de Beek,0.0,2.0,0.08036869764327989,0.1288376990705727,0.0,3.0,0.0,0.08036869764327989,0.9082152880728244,0.7594140917062756
8852,Konstantinos Tsimikas,0.0,3.0,0.4381040036678314,0.8806809792295096,1.0,7.0,0.0,0.4381040036678314,1.315351010300219,0.8825207194313407
8859,Mikkel Damsgaard,0.0,0.0,0.0,0.031942400150000896,0.0,2.0,0.0,0.0,0.068488731049001,0.0365463308990001
8864,Matthew Cash,0.0,0.0,0.0,0.104712001979351,1.0,1.0,0.0,0.0,3.0013299509882927,2.8966179490089417
8940,Antonee Robinson,0.0,2.0,0.0437040999531745,0.050093799829483004,0.0,2.0,0.0,0.0437040999531745,0.7679341323673725,0.6741351149976254
8942,Aaron Hickey,0.0,3.0,0.0804609544575213,0.0,0.0,0.0,0.0,0.0804609544575213,0.16953184083104134,0.15442073903977863
8961,Rúben Dias,0.0,1.0,0.1394159942865371,0.2996329665184021,0.0,1.0,0.0,0.1394159942865371,2.831519939005375,2.5318869426846504
8965,Vladimir Coufal,0.0,0.0,0.0,0.5429532304406165,1.0,4.0,0.0,0.0,0.6321096811443566,0.5961856823414563
8992,Hakim Ziyech,0.0,6.0,0.2846691012382506,0.9725009948015212,0.0,4.0,0.0,0.2846691012382506,0.9215582013130186,0.2445635991171001
9021,Pape Sarr,0.0,1.0,0.0270853992551565,0.0,0.0,0.0,0.0,0.0270853992551565,0.11177094094455241,0.0846855416893959
9098,Robert Sánchez,0.0,0.0,0.0,0.0,0.0,0.0,0.0,0.0,0.2347678020596503,0.2347678020596503
9154,Elliot Anderson,0.0,3.0,0.25373300164937973,0.215372696518898,0.0,2.0,0.0,0.25373300164937973,0.6291905790567396,0.37119960039854033
9156,Kevin Schade,0.0,4.0,0.9487461149692535,0.1296692825853823,0.0,3.0,0.0,0.9487461149692535,1.4264325927942991,0.3717260658740997
9274,Naouirou Ahamada,0.0,2.0,0.1515216976404189,0.0393777005374431,0.0,1.0,0.0,0.1515216976404189,0.2159352004528044,0.0250358004122972
9324,Facundo Pellistri,0.0,1.0,0.0776086971163749,0.0249538999050855,0.0,1.0,0.0,0.0776086971163749,0.1726761013269423,0.0701136011630295
9339,Joe Gelhardt,0.0,2.0,0.2154433950781821,0.4100599884986877,1.0,1.0,0.0,0.2154433950781821,0.5412459820508956,0.4100599884986877
9356,Carney Chukwuemeka,0.0,1.0,0.0294032990932464,0.0,0.0,0.0,0.0,0.0294032990932464,0.0465599000453949,0.0465599000453949
9470,Isaac Price,0.0,1.0,0.2667869925498962,0.0322885997593402,0.0,1.0,0.0,0.2667869925498962,0.2990755923092364,0.0
9499,Cody Drameh,0.0,0.0,0.0,0.023293599486351,0.0,1.0,0.0,0.0,0.4773658998310566,0.4540723003447056
9524,Anthony Elanga,0.0,3.0,0.1787316985428332,0.0550504997372627,0.0,1.0,0.0,0.1787316985428332,0.42119598388671875,0.26509339362382883
9552,Tyrese Francois,0.0,0.0,0.0,0.0,0.0,0.0,0.0,0.0,0.0,0.0
9630,Kamaldeen Sulemana,0.0,5.0,0.2720537334680557,0.2646701140329241,0.0,3.0,0.0,0.2720537334680557,0.6574965342879293,0.2452334985136985
9676,David Raya,0.0,0.0,0.0,0.0,0.0,0.0,0.0,0.0,0.0775393992662429,0.0775393992662429
9677,Kristoffer Ajer,0.0,0.0,0.0,0.0165113992989063,0.0,1.0,0.0,0.0,0.11890900135040271,0.11890900135040271
9679,Rico Henry,0.0,1.0,0.0315360836684703,0.09897463023662559,0.0,2.0,0.0,0.0315360836684703,0.7579150162637232,0.7213686853647231
9681,Frank Onyeka,0.0,3.0,0.74309441447258,0.0829814001917839,0.0,1.0,0.0,0.74309441447258,1.2653634026646614,0.4392879121005534
9683,Mads Bech Sørensen,0.0,0.0,0.0,0.0863763019442558,0.0,2.0,0.0,0.0,0.1777148013934492,0.0913389017805456
9685,Mads Roerslev,0.0,1.0,0.2721869945526123,0.0,0.0,0.0,0.0,0.2721869945526123,0.3029630947858095,0.0307761002331972
9686,Halil Dervisoglu,0.0,2.0,0.0668924003839492,0.0,0.0,0.0,0.0,0.0668924003839492,0.0668924003839492,0.0
9689,Albert Sambi Lokonga,0.0,2.0,0.1307045519351959,0.0283858999609947,0.0,1.0,0.0,0.1307045519351959,0.1590904518961906,0.0283858999609947
9710,Armel Bella Kotchap,0.0,3.0,0.1855187304317949,0.5624515414237976,1.0,1.0,0.0,0.1855187304317949,0.3267912343144415,0.3147252276539801
9733,Nathan Collins,0.0,1.0,0.0269042998552322,0.0,0.0,0.0,0.0,0.0269042998552322,0.6103369891643523,0.6103369891643523
9734,Enock Mwepu,0.0,2.0,0.0766704007983207,0.4322669953107833,1.0,2.0,0.0,0.0766704007983207,1.0131970196962354,0.6338129788637161
9740,José Sá,0.0,0.0,0.0,0.0,0.0,0.0,0.0,0.0,0.0257299449294805,0.0257299449294805
9741,Chem Campbell,0.0,2.0,0.0622584000229835,0.0,0.0,0.0,0.0,0.0622584000229835,0.0722723975777626,0.0300198998302221
9912,Cameron Archer,0.0,0.0,0.0,0.0,0.0,0.0,0.0,0.0,0.0,0.0
9914,Shandon Baptiste,0.0,2.0,0.06377323530614361,0.3510090168565511,1.0,3.0,0.0,0.06377323530614361,0.47198685444891436,0.3017710391432046
10012,Jakub Kiwior,0.0,1.0,0.0179402008652687,0.0,0.0,0.0,0.0,0.0179402008652687,0.2289194948971271,0.2289194948971271
10036,Jeremy Sarmiento,0.0,3.0,0.15175660140812391,0.2008139938116073,1.0,2.0,0.0,0.15175660140812391,1.101058604195714,0.7484882920980453
10072,Samuel Edozie,0.0,2.0,0.18616829812526692,0.1382070034742355,0.0,2.0,0.0,0.18616829812526692,0.3360562920570373,0.0116809997707605
10140,Hugo Bueno,0.0,0.0,0.0,0.1452215015888214,0.0,2.0,0.0,0.0,0.3172434344887732,0.3172434344887732
10168,Lewis Brunt,0.0,0.0,0.0,0.0,0.0,0.0,0.0,0.0,0.0172419995069503,0.0172419995069503
10216,Lewis Hall,0.0,5.0,0.7198175080120564,0.3284721039235591,0.0,4.0,0.0,0.7198175080120564,1.7126479968428612,0.8817841894924637
10291,Vitalii Mykolenko,0.0,2.0,0.104187898337841,0.043603625148534705,0.0,2.0,0.0,0.104187898337841,1.1443516947329044,0.9965602662414311
10292,Nathan Patterson,0.0,0.0,0.0,0.1288493014872073,0.0,2.0,0.0,0.0,0.1889943983405826,0.0601451005786655
10293,Toti,0.0,2.0,0.0726549457758664,0.0678964033722877,0.0,2.0,0.0,0.0726549457758664,0.38586221914738406,0.3601322723552583
10348,Omari Hutchinson,0.0,0.0,0.0,0.0,0.0,0.0,0.0,0.0,0.0599266998469829,0.0599266998469829
10453,Odeluga Offiah,0.0,0.0,0.0,0.0,0.0,0.0,0.0,0.0,0.0801775380969047,0.0801775380969047
10698,Malcolm Ebiowei,0.0,0.0,0.0,0.0,0.0,0.0,0.0,0.0,0.0385116003453731,0.0385116003453731
10718,Jay Stansfield,0.0,2.0,0.1730169951915741,0.0589650012552738,0.0,1.0,0.0,0.1730169951915741,0.2319819927215576,0.0
10719,Luke Harris,0.0,0.0,0.0,0.0,0.0,0.0,0.0,0.0,0.0878236964344978,0.0878236964344978
10740,Jordan Zemura,0.0,2.0,0.1732739955186844,0.2136269025504588,0.0,4.0,0.0,0.1732739955186844,0.5684362910687922,0.1815354004502296
10742,Ben Pearson,0.0,1.0,0.0144538003951311,0.0,0.0,0.0,0.0,0.0144538003951311,0.1204660013318061,0.1060120016336441
10745,Emiliano Marcondes,0.0,0.0,0.0,0.0,0.0,0.0,0.0,0.0,0.0,0.0
10749,Siriki Dembélé,0.0,1.0,0.0369170010089874,0.4322569146752357,0.0,2.0,0.0,0.0369170010089874,0.6616241186857221,0.6247071176767347
10752,Darko Gyabi,0.0,1.0,0.0653707012534141,0.0,0.0,0.0,0.0,0.0653707012534141,0.0653707012534141,0.0
10753,Connor Ronan,0.0,0.0,0.0,0.0,0.0,0.0,0.0,0.0,0.0,0.0
10755,Joseph Hodge,0.0,1.0,0.0945864021778106,0.0711171999573707,0.0,1.0,0.0,0.0945864021778106,0.2718636021018027,0.1061599999666214
10757,Scott McKenna,0.0,0.0,0.0,0.3877359926700592,0.0,1.0,0.0,0.0,0.4822540134191512,0.0945185013115405
10758,Harry Toffolo,0.0,3.0,0.0904843974858521,0.0976931974291801,0.0,1.0,0.0,0.0904843974858521,0.329500589519739,0.1729678958654402
10761,Alex Mighten,0.0,0.0,0.0,0.0,0.0,0.0,0.0,0.0,0.0,0.0
10764,Djed Spence,0.0,1.0,0.2977930009365082,0.0205968990921974,0.0,1.0,0.0,0.2977930009365082,1.0035468861460686,0.6851562727242706
10765,Gavin Bazunu,0.0,0.0,0.0,0.0,0.0,0.0,0.0,0.0,0.111213233321905,0.111213233321905
10803,Tyrell Malacia,0.0,2.0,0.077037900686264,0.13177109509706492,0.0,3.0,0.0,0.077037900686264,1.332551971077919,1.2204048559069633
10804,Deniz Undav,0.0,5.0,0.6705739945173264,0.0650861859321594,0.0,1.0,0.0,0.6705739945173264,0.4819201827049254,0.0873304009437561
10805,Levi Colwill,0.0,3.0,0.4042354524135589,0.3541690111160278,0.0,2.0,0.0,0.4042354524135589,1.7709878459572792,1.4713038429617882
10807,Jan Paul van Hecke,0.0,2.0,0.5538489818572998,0.0,0.0,0.0,0.0,0.5538489818572998,0.0192783996462821,0.0
10808,Daniel Iversen,0.0,0.0,0.0,0.0,0.0,0.0,0.0,0.0,0.5306764878332613,0.5306764878332613
10809,Keane Lewis-Potter,0.0,1.0,0.0312918983399868,0.4517979919910431,0.0,1.0,0.0,0.0312918983399868,0.4830900132656097,0.0
10845,Flynn Downes,0.0,2.0,0.17417692393064488,0.0,0.0,0.0,0.0,0.17417692393064488,0.26310130953788746,0.1835924871265887
10847,Rico Lewis,0.0,3.0,0.1366903968155383,0.25012040697038157,0.0,4.0,0.0,0.1366903968155383,2.69270196557045,2.445235997438431
10865,Jamal Lowe,0.0,0.0,0.0,0.0,0.0,0.0,0.0,0.0,0.0,0.0
10997,Bobby Clark,0.0,0.0,0.0,0.0,0.0,0.0,0.0,0.0,0.0,0.0
11003,Ryan Yates,0.0,3.0,0.16882390156388272,0.084383800625801,1.0,1.0,0.0,0.16882390156388272,0.5515746958553789,0.35718260332941976
11005,Joseph Whitworth,0.0,0.0,0.0,0.0,0.0,0.0,0.0,0.0,0.0,0.0
11034,Owen Bevan,0.0,0.0,0.0,0.0,0.0,0.0,0.0,0.0,0.0,0.0
11035,Marquinhos,0.0,0.0,0.0,0.0,0.0,0.0,0.0,0.0,0.0,0.0
11078,Juan Larios,0.0,0.0,0.0,0.0,0.0,0.0,0.0,0.0,0.0783459991216659,0.0783459991216659
11132,Ethan Nwaneri,0.0,0.0,0.0,0.0,0.0,0.0,0.0,0.0,0.0,0.0
11174,Kobbie Mainoo,0.0,0.0,0.0,0.0,0.0,0.0,0.0,0.0,0.1666270047426223,0.1666270047426223
11193,Andrew Moran,0.0,0.0,0.0,0.0,0.0,0.0,0.0,0.0,0.0754638016223907,0.0754638016223907
11208,Mateo Joseph,0.0,1.0,0.0736948028206825,0.0,0.0,0.0,0.0,0.0736948028206825,0.0,0.0
11231,Ben Doak,0.0,0.0,0.0,0.0,0.0,0.0,0.0,0.0,0.0,0.0
11232,Thomas Cannon,0.0,1.0,0.0505074001848697,0.0708136036992073,0.0,1.0,0.0,0.0505074001848697,0.0505074001848697,0.0
11233,Dexter Lembikisa,0.0,0.0,0.0,0.0,0.0,0.0,0.0,0.0,0.0149248000234365,0.0149248000234365
11242,Divin Mubama,0.0,0.0,0.0,0.0,0.0,0.0,0.0,0.0,0.0,0.0
11268,David Ozoh,0.0,0.0,0.0,0.0,0.0,0.0,0.0,0.0,0.0,0.0
11284,Gustavo Scarpa,0.0,6.0,0.14553977083414782,0.0278489999473094,0.0,1.0,0.0,0.14553977083414782,0.4092764034867285,0.2727917991578577
11295,David Datro Fofana,0.0,3.0,0.326112687587738,0.0795641019940376,0.0,2.0,0.0,0.326112687587738,0.3775099888443947,0.0
11298,Mislav Orsic,0.0,0.0,0.0,0.0,0.0,0.0,0.0,0.0,0.0,0.0
11305,Mykhailo Mudryk,0.0,5.0,0.7764329835772513,0.1871433071792124,1.0,3.0,0.0,0.7764329835772513,1.5564323067665098,0.7163689173758028
11356,Enzo Fernández,0.0,3.0,0.09275612980127321,0.1762285120785236,0.0,7.0,0.0,0.09275612980127321,2.278969172388315,2.1157864816486835
11357,Noni Madueke,0.0,5.0,0.31218463554978343,0.24551200121641142,0.0,5.0,0.0,0.31218463554978343,1.2960573211312292,0.8277110159397125
11359,James Bree,0.0,0.0,0.0,0.17823199555277822,0.0,4.0,0.0,0.0,0.28738220408558834,0.13466579839587192
11360,Paul Onuachu,0.0,2.0,0.08978589810431,0.0591317005455493,0.0,1.0,0.0,0.08978589810431,0.1489174962043761,0.0
11363,Antoine Semenyo,0.0,1.0,0.048693798482418,0.0,0.0,0.0,0.0,0.048693798482418,0.1624407991766928,0.11374700069427479
11366,Jhon Durán,0.0,4.0,0.6439456157386303,0.0,0.0,0.0,0.0,0.6439456157386303,0.1142839975655078,0.0
11367,Victor Kristiansen,0.0,2.0,0.0327572003006935,0.37066483497619623,1.0,2.0,0.0,0.0327572003006935,0.9201576262712479,0.8127178102731702
11378,Máximo Perrone,0.0,0.0,0.0,0.0,0.0,0.0,0.0,0.0,0.0,0.0
11385,Yasin Ayari,0.0,1.0,0.0128233004361391,0.1287540048360824,0.0,1.0,0.0,0.0128233004361391,0.2269130051136016,0.2269130051136016
11486,Illia Zabarnyi,0.0,0.0,0.0,0.0,0.0,0.0,0.0,0.0,0.0,0.0
